name,reviewer_name,rating,review
Travel the world,Wilbert Nienow,5,""
Walk on the moon,Georgene Nikolaus,3,""
Find your soulmate,Keith Heller,2,""
Buy an island,Ryan Feest,1,""
Bottle of joy,Ashley Flatley,5,""
Botte of love,The Hon. Sherron Pollich,4,""
Bottle of strength,Prof. Carroll Nicolas,4,""
Bottle of calm,Sid Mayert,4,""
Bottle of courage,Shara Terry,1,""
Bottle of motivation,Floyd Wilkinson,4,""
Bottle of rage,Mack McLaughlin,4,""
Bottle of envy,Phoebe O'Reilly,1,""
Fly,Hugh Price,3,""
Teleport,Dorthea Legros,3,""
Talk to animals,Kristi Wuckert,4,""
Be invisible,Miss Abram Yost,2,""
Jump to your career,Leif Daniel,4,""
Learn a new language,Jacques Schmeler IV,2,""
Bottle of edge case brainstorms,Rep. Ernestine Schaden,4,""
Early retirement,Mei Wiegand Jr.,5,""
Travel the world,Jeff Grant,1,""
Walk on the moon,Tawanna Crooks Ret.,1,""
Find your soulmate,Royce Thompson,1,""
Buy an island,Joan Beier,2,""
Bottle of joy,Edmundo Monahan,1,""
Botte of love,Palmer Ryan Sr.,2,""
Bottle of strength,Myrna Smith,2,""
Bottle of calm,Gonzalo O'Keefe,2,""
Bottle of courage,Chong Hermann MD,2,""
Bottle of motivation,Augustine Gerlach,5,""
Bottle of rage,Garnet Ullrich,2,""
Bottle of envy,Evelynn Schinner,3,""
Fly,Damien Boyle,2,""
Teleport,Pres. Laura Hauck,2,""
Talk to animals,Chae Flatley,5,""
Be invisible,Stefanie Rohan,2,""
Jump to your career,Rolf Skiles III,3,""
Learn a new language,Louie Hand,2,""
Bottle of edge case brainstorms,Erik Schinner,5,""
Early retirement,Claude Wisoky,5,""
Fly,Melodi Lubowitz,5,""
Teleport,Mr. Jadwiga Crona,4,""
Talk to animals,Alfonso Rohan,2,""
Be invisible,Rima Bartell,1,""
Jump to your career,Lorean Reilly,2,""
Learn a new language,Mayme Weissnat,3,""
Bottle of edge case brainstorms,Miss Roosevelt Wuckert,3,""
Early retirement,Maris Lesch DO,3,""
Be invisible,Asley Lowe,2,""
Jump to your career,Pres. Clinton Rolfson,2,""
